{
    "d": [0.006910224445164204, -0.046908676624298096, 0.0010540218790993094, 0.00013471768761519343, 0.03177127614617348, 0, 0, 0],
    "k": [690.0053100585938, 0, 636.853515625, 0, 689.7326049804688, 359.938720703125, 0, 0, 1]
}
